kind	key	status	passes	runs	d_step_max_m	d_interstep_max_m	v_over_vstar_max	margin_to_eps_m	verified	unverified
movement	401b55e11b401435eb1bdd8dde7caa94	NotMeasured	0	0	0	0	0	undeclared	0	0
seam	401b55e11b401435eb1bdd8dde7caa94:entry:left	NotMeasured	0	0	0	0	0	undeclared	0	0
seam	401b55e11b401435eb1bdd8dde7caa94:entry:right	NotMeasured	0	0	0	0	0	undeclared	0	0
movement	4030253e182e3ed1b7d2aeea7a73feb6	NotMeasured	0	0	0	0	0	undeclared	0	0
seam	4030253e182e3ed1b7d2aeea7a73feb6:entry:left	NotMeasured	0	0	0	0	0	undeclared	0	0
seam	4030253e182e3ed1b7d2aeea7a73feb6:entry:right	NotMeasured	0	0	0	0	0	undeclared	0	0
movement	40518565227156c444c481089e3df481	NotMeasured	0	0	0	0	0	undeclared	0	0
movement	408a596007f75c3640fb9f816f896c86	NotMeasured	0	0	0	0	0	undeclared	0	0
corridor	4097b38e7bf2ad82edd9087f6d56ae8b	Measured	5	5	0.107324	0.108323	0	undeclared	491	0
movement	40ca7f10a97f50a918e8c3a2a1e58493	Measured	3	3	0.006235	0.007355	0	undeclared	336	0
corridor	40e937a99618cac3ce12d56586514283	Measured	3	3	0.002952	0.003949	0	undeclared	315	0
movement	410eb197d612c9963b40e6d1b7fe15bf	NotMeasured	0	0	0	0	0	undeclared	0	0
movement	41275077956795084d45b347a670eba1	NotMeasured	0	0	0	0	0	undeclared	0	0
movement	414c99412444a4a56b97dd36be51b593	NotMeasured	0	0	0	0	0	undeclared	0	0
movement	419d893b269e14c02e84e3509d9bf193	Measured	3	3	0.173065	0.174342	0.246268	undeclared	315	0
seam	419d893b269e14c02e84e3509d9bf193:entry:left	Measured	0	3	0	0.174522	0	undeclared	3	0
seam	419d893b269e14c02e84e3509d9bf193:entry:right	Measured	0	3	0	0.174342	0	undeclared	3	0
corridor	41aade042322996080b638a3a86e1088	Measured	3	3	0.182655	0.183655	0.262407	undeclared	246	0
corridor	41d3971913a0bc729dacb328aaa17495	Measured	4	4	0.182613	0.18361	0.262545	undeclared	329	0
movement	42480748339bbb6fe6fcbc99604c1aa8	NotMeasured	0	0	0	0	0	undeclared	0	0
seam	42480748339bbb6fe6fcbc99604c1aa8:exit:left	NotMeasured	0	0	0	0	0	undeclared	0	0
seam	42480748339bbb6fe6fcbc99604c1aa8:exit:right	NotMeasured	0	0	0	0	0	undeclared	0	0
corridor	427041528b28cda9499c4ab5aafe0d9c	Measured	3	3	0.157326	0.159747	0.233308	undeclared	249	0
corridor	42ad3d5187bfa4104bf4917b93ede39e	Measured	7	4	0.19381	0.196084	0.119025	undeclared	1060	0
movement	42e993cf17d9aad93755cb544a0d02a9	NotMeasured	0	0	0	0	0	undeclared	0	0
movement	431a11dff650b4115fa5bf99118b9b8a	Measured	3	2	0.180375	0.181468	0.262448	undeclared	377	0
corridor	432025ce90895a6728955c79e3edfb9e	NotMeasured	0	0	0	0	0	undeclared	0	0
corridor	433f39ba8eeb012212b7d5a05468b09d	NotMeasured	0	0	0	0	0	undeclared	0	0
movement	4357c472225591a18683e67ea2dd5f92	NotMeasured	0	0	0	0	0	undeclared	0	0
seam	4357c472225591a18683e67ea2dd5f92:exit:left	NotMeasured	0	0	0	0	0	undeclared	0	0
seam	4357c472225591a18683e67ea2dd5f92:exit:right	NotMeasured	0	0	0	0	0	undeclared	0	0
movement	43605e569eb08d6ffe62fa7470d59fa0	NotMeasured	0	0	0	0	0	undeclared	0	0
seam	43605e569eb08d6ffe62fa7470d59fa0:exit:left	NotMeasured	0	0	0	0	0	undeclared	0	0
seam	43605e569eb08d6ffe62fa7470d59fa0:exit:right	NotMeasured	0	0	0	0	0	undeclared	0	0
movement	4382a19b7bef5cf02cd29cab54e15c82	NotMeasured	0	0	0	0	0	undeclared	0	0
corridor	43cf13ae1ef6b701bbcd906cdea7df90	NotMeasured	0	0	0	0	0	undeclared	0	0
corridor	43e96165bde1e8229cf8d27082d6b798	Measured	3	2	0.182619	0.183617	0.262257	undeclared	42	0
corridor	4403c568617df5ea8f9a2fdf743748ad	Measured	1	1	0.00294	0.003941	0	undeclared	210	0
movement	440c8e05722bb01491a4d57e00cd03a4	NotMeasured	0	0	0	0	0	undeclared	0	0
movement	4439e11d9c47c1d09aad97b8f5dd1cbe	NotMeasured	0	0	0	0	0	undeclared	0	0
seam	4439e11d9c47c1d09aad97b8f5dd1cbe:exit:left	NotMeasured	0	0	0	0	0	undeclared	0	0
seam	4439e11d9c47c1d09aad97b8f5dd1cbe:exit:right	NotMeasured	0	0	0	0	0	undeclared	0	0
movement	4469169721b83714f20e63d9fcfff484	NotMeasured	0	0	0	0	0	undeclared	0	0
seam	4469169721b83714f20e63d9fcfff484:exit:left	NotMeasured	0	0	0	0	0	undeclared	0	0
seam	4469169721b83714f20e63d9fcfff484:exit:right	NotMeasured	0	0	0	0	0	undeclared	0	0
movement	44942dfab8e1f05d644474a6257b5e96	Measured	3	3	0.15932	0.160319	0.211407	undeclared	588	0
corridor	44d95c53b9c058de55da54065eed7882	NotMeasured	0	0	0	0	0	undeclared	0	0
corridor	4516fd525d5bf0205cb47b0093ab0794	Measured	3	3	0.087031	0.088071	0	undeclared	360	0
movement	452ee31e83feea5ebc05406c271424a9	Measured	8	8	0.163652	0.164672	0.342306	undeclared	808	0
seam	452ee31e83feea5ebc05406c271424a9:exit:left	Measured	0	8	0	0.159634	0	undeclared	8	0
seam	452ee31e83feea5ebc05406c271424a9:exit:right	Measured	0	8	0	0.158955	0	undeclared	8	0
movement	453f130c460dc35e052c30714bec6c8e	Measured	4	4	0.172754	0.173745	0.260595	undeclared	424	0
seam	453f130c460dc35e052c30714bec6c8e:entry:left	Measured	0	4	0	0.173892	0	undeclared	4	0
seam	453f130c460dc35e052c30714bec6c8e:entry:right	Measured	0	4	0	0.173736	0	undeclared	4	0
movement	455bb22fbae5a3833e564372b5f1d7a0	NotMeasured	0	0	0	0	0	undeclared	0	0
corridor	455e4360eac83d9900ad7ea698758890	NotMeasured	0	0	0	0	0	undeclared	0	0
movement	45607ec286d32b63e09ca677f22031ba	NotMeasured	0	0	0	0	0	undeclared	0	0
seam	45607ec286d32b63e09ca677f22031ba:entry:left	NotMeasured	0	0	0	0	0	undeclared	0	0
seam	45607ec286d32b63e09ca677f22031ba:entry:right	NotMeasured	0	0	0	0	0	undeclared	0	0
movement	4562eaa3091e578cd4e9524af6f7908b	NotMeasured	0	0	0	0	0	undeclared	0	0
corridor	456446f0213cdfedcbcb6d32f7ee7db6	NotMeasured	0	0	0	0	0	undeclared	0	0
movement	45d560a7a864362a2f19600802713fac	NotMeasured	0	0	0	0	0	undeclared	0	0
seam	45d560a7a864362a2f19600802713fac:entry:left	NotMeasured	0	0	0	0	0	undeclared	0	0
seam	45d560a7a864362a2f19600802713fac:entry:right	NotMeasured	0	0	0	0	0	undeclared	0	0
corridor	45daa67f26d456b653f543a16ea6dba5	Measured	4	4	0.087094	0.088091	0	undeclared	547	0
movement	46077471fe6db9c5bfc3327df0b647af	Measured	5	5	0.172802	0.174066	0.249254	undeclared	529	0
seam	46077471fe6db9c5bfc3327df0b647af:entry:left	Measured	0	5	0	0.174244	0	undeclared	5	0
seam	46077471fe6db9c5bfc3327df0b647af:entry:right	Measured	0	5	0	0.174066	0	undeclared	5	0
movement	464127b42987ee35c9def93cb72dae8c	Measured	3	3	0.163563	0.164559	0.342155	undeclared	303	0
seam	464127b42987ee35c9def93cb72dae8c:exit:left	Measured	0	3	0	0.158934	0	undeclared	3	0
seam	464127b42987ee35c9def93cb72dae8c:exit:right	Measured	0	3	0	0.158674	0	undeclared	3	0
corridor	4680aaa6ee1678ef03909266658047b6	NotMeasured	0	0	0	0	0	undeclared	0	0
movement	469fe81415e729b4258c4b7eda9e65a2	Measured	3	2	0.196206	0.197203	0.26274	undeclared	378	0
corridor	46b219bca5cdaf1087d30d9622fab0a5	Measured	3	3	0.106532	0.107523	0	undeclared	438	0
movement	46b3a813f373f17148f435776c7e69bc	NotMeasured	0	0	0	0	0	undeclared	0	0
movement	47084b07a52e936a1f5156ba93413d99	NotMeasured	0	0	0	0	0	undeclared	0	0
movement	470e78565e75b89add119d1f7bf3d8b3	Measured	1	1	0.163664	0.164681	0.342303	undeclared	101	0
seam	470e78565e75b89add119d1f7bf3d8b3:exit:left	Measured	0	1	0	0.159652	0	undeclared	1	0
seam	470e78565e75b89add119d1f7bf3d8b3:exit:right	Measured	0	1	0	0.158956	0	undeclared	1	0
movement	4711ef525566fedf70000c8f39a5a6a3	Measured	7	4	0.159743	0.160741	0.211529	undeclared	1366	0
movement	47503370c9eef190188a0ab64232d285	NotMeasured	0	0	0	0	0	undeclared	0	0
movement	4792bee280e137622f8933d01729bea8	NotMeasured	0	0	0	0	0	undeclared	0	0
movement	47c7c84e9d1de0910268c837613d11b7	NotMeasured	0	0	0	0	0	undeclared	0	0
corridor	47de8d1a8e71016a20b301b8a86852a5	NotMeasured	0	0	0	0	0	undeclared	0	0
movement	489d4a3b8777534a9bdbd8fb0c6cfc8f	NotMeasured	0	0	0	0	0	undeclared	0	0
movement	48af5815b3bc108d4b441d89a7823d88	NotMeasured	0	0	0	0	0	undeclared	0	0
corridor	48c833c71f68abef819cb5a36c99208f	Measured	6	6	0.191308	0.196636	0.117383	undeclared	942	0
corridor	48e681e799268186449903ef2aa3258f	Measured	3	3	0.173572	0.174569	0.262395	undeclared	42	0
movement	491e02f31f623c7a5d46026ad368f388	NotMeasured	0	0	0	0	0	undeclared	0	0
corridor	4970addfd3bf6360c8191bf0f3eeafb7	NotMeasured	0	0	0	0	0	undeclared	0	0
corridor	49980393f36fca422e64472c8ccc009c	NotMeasured	0	0	0	0	0	undeclared	0	0
movement	49a416a048161da4a37d21483a9de8b5	NotMeasured	0	0	0	0	0	undeclared	0	0
movement	4a16b65f562a0a5d8a44e286ca088493	NotMeasured	0	0	0	0	0	undeclared	0	0
movement	4a5a12c19e62b4f853f928a3d4fb4c96	Measured	7	4	0.163601	0.164606	0.342365	undeclared	703	0
seam	4a5a12c19e62b4f853f928a3d4fb4c96:exit:left	Measured	0	4	0	0.159895	0	undeclared	7	0
seam	4a5a12c19e62b4f853f928a3d4fb4c96:exit:right	Measured	0	4	0	0.158774	0	undeclared	7	0
movement	4a61888b6162623b5f3b239c6967a1b7	Measured	3	3	0.19638	0.197381	0.261713	undeclared	378	0
movement	4a6aa7e11135c1ecb2cb26715ca8cab4	NotMeasured	0	0	0	0	0	undeclared	0	0
seam	4a6aa7e11135c1ecb2cb26715ca8cab4:entry:left	NotMeasured	0	0	0	0	0	undeclared	0	0
seam	4a6aa7e11135c1ecb2cb26715ca8cab4:entry:right	NotMeasured	0	0	0	0	0	undeclared	0	0
movement	4a772fed8c8aaeab952d011659612ea7	NotMeasured	0	0	0	0	0	undeclared	0	0
seam	4a772fed8c8aaeab952d011659612ea7:entry:left	NotMeasured	0	0	0	0	0	undeclared	0	0
seam	4a772fed8c8aaeab952d011659612ea7:entry:right	NotMeasured	0	0	0	0	0	undeclared	0	0
movement	4a7f00857442da3e6f4487e676ef108d	NotMeasured	0	0	0	0	0	undeclared	0	0
movement	4aa676c5e3857524d5a9b386be4bdb90	Measured	1	1	0.173904	0.174901	0.263023	undeclared	126	0
movement	4ac23ecbf80f11d7feda468178247ab4	NotMeasured	0	0	0	0	0	undeclared	0	0
movement	4ac98ed2e41d83c91f0714135aa67ba7	Measured	6	6	0.154532	0.155554	0.244687	undeclared	636	0
seam	4ac98ed2e41d83c91f0714135aa67ba7:entry:left	Measured	0	6	0	0.154538	0	undeclared	6	0
seam	4ac98ed2e41d83c91f0714135aa67ba7:entry:right	Measured	0	6	0	0.154808	0	undeclared	6	0
corridor	4ae5e1290d8b815bcb8f509e915fef89	NotMeasured	0	0	0	0	0	undeclared	0	0
movement	4af05b75ff8158625ee1066bba223782	NotMeasured	0	0	0	0	0	undeclared	0	0
movement	4b0942d72a850d61b60bc3e8a6a52384	Measured	3	3	0.32713	0.328128	0.530913	undeclared	501	0
movement	4b517add680eba2b77f4e15e9033e180	NotMeasured	0	0	0	0	0	undeclared	0	0
seam	4b517add680eba2b77f4e15e9033e180:entry:left	NotMeasured	0	0	0	0	0	undeclared	0	0
seam	4b517add680eba2b77f4e15e9033e180:entry:right	NotMeasured	0	0	0	0	0	undeclared	0	0
corridor	4b5540b59d5cd5141bb4bb279d10fb96	NotMeasured	0	0	0	0	0	undeclared	0	0
movement	4bbce8157214fb0cc7c56ffb4818e38a	NotMeasured	0	0	0	0	0	undeclared	0	0
corridor	4bc735b758e931a2e6a2faa6a7cf198b	Measured	4	4	0.106115	0.108089	0	undeclared	540	0
corridor	4bc86d56e68c64ed3454e51566dd43bc	NotMeasured	0	0	0	0	0	undeclared	0	0
movement	4bcc0e116de75d2480ac6c52948e3996	NotMeasured	0	0	0	0	0	undeclared	0	0
corridor	4c3fbf9d31b3efe44c908138001098b8	NotMeasured	0	0	0	0	0	undeclared	0	0
movement	4c6997b98ac692f6bd24a50f86009eb3	NotMeasured	0	0	0	0	0	undeclared	0	0
corridor	4ccc97c5021ae91587883344ee3ca299	Measured	6	5	0.17348	0.17448	0.262583	undeclared	498	0
movement	4cec0461fb9fd74541d5772b2264b88f	Measured	3	3	0.164835	0.165851	0.342228	undeclared	297	0
seam	4cec0461fb9fd74541d5772b2264b88f:exit:left	Measured	0	3	0	0.160373	0	undeclared	3	0
seam	4cec0461fb9fd74541d5772b2264b88f:exit:right	Measured	0	3	0	0.159747	0	undeclared	3	0
corridor	4d0941441253fa2a0e6c10dfc9caea8e	Measured	4	4	0.091625	0.092616	0	undeclared	392	0
corridor	4d1d749db78465cdc4e90ee844e3d898	NotMeasured	0	0	0	0	0	undeclared	0	0
movement	4d2aea792f643724e2d9f9ed853eb1a1	NotMeasured	0	0	0	0	0	undeclared	0	0
movement	4d5388e3c39d025ecfc72f8aa302c389	NotMeasured	0	0	0	0	0	undeclared	0	0
movement	4d54e6de5a6bbf4d1eb20f8ed5a40cb2	Measured	4	4	0.159741	0.16074	0.211504	undeclared	781	0
corridor	4d56a92042f124db7947938fefa7c7a7	Measured	3	3	0.086924	0.087923	0	undeclared	411	0
corridor	4d5c15fca8e24f15b1bdf0f0695acebf	NotMeasured	0	0	0	0	0	undeclared	0	0
movement	4d6ca77eae0d45e72a542a1478a2aa84	NotMeasured	0	0	0	0	0	undeclared	0	0
seam	4d6ca77eae0d45e72a542a1478a2aa84:exit:left	NotMeasured	0	0	0	0	0	undeclared	0	0
seam	4d6ca77eae0d45e72a542a1478a2aa84:exit:right	NotMeasured	0	0	0	0	0	undeclared	0	0
movement	4d83ee0977d55ec7ebd2f1cbcba06bb9	Measured	3	3	0.158932	0.159927	0.211523	undeclared	585	0
corridor	4db6ebc158e0dff4369373f117f51690	Measured	6	6	0.08855	0.090316	0	undeclared	795	0
corridor	4dc46e84668993d38378e9cfd4f366b4	NotMeasured	0	0	0	0	0	undeclared	0	0
movement	4dc4e81b4c9cdd45e0484d2e9daeb888	Measured	3	3	0.327641	0.328634	0.531267	undeclared	501	0
movement	4dfcc1af030746a1a7e376f814e03a81	Measured	3	3	0.196304	0.1973	0.261788	undeclared	378	0
movement	4e0c96d3fe6dbf797b6b539c16fe42ac	Measured	3	3	0.173214	0.174215	0.262479	undeclared	378	0
movement	4e1888b8ecc1130b32caf9de2ec5fabf	Measured	3	3	0.1597	0.160698	0.211392	undeclared	588	0
movement	4e437f94525852d3a072a538537c2093	NotMeasured	0	0	0	0	0	undeclared	0	0
movement	4e569459af68de1863a4b3c92ad028b5	NotMeasured	0	0	0	0	0	undeclared	0	0
corridor	4e67d7a19f6083c020b14cda38733f93	NotMeasured	0	0	0	0	0	undeclared	0	0
movement	4e79b375e3de7f6e7949c5ce0ad4e993	NotMeasured	0	0	0	0	0	undeclared	0	0
corridor	4e878e4befb474cfbdc785346bd6f6a4	Measured	7	4	0.15734	0.158774	0.234587	undeclared	582	0
corridor	4eb54bbcb45c5ab91993e545746f24a9	NotMeasured	0	0	0	0	0	undeclared	0	0
corridor	4ec40e5f82f7a65bed1dc3d9679f8693	Measured	9	8	0.174199	0.175197	0.262795	undeclared	746	0
movement	4edce9aa0d470704d0479247d72ff2be	Measured	4	4	0.154639	0.155636	0.244725	undeclared	423	0
seam	4edce9aa0d470704d0479247d72ff2be:entry:left	Measured	0	4	0	0.154682	0	undeclared	4	0
seam	4edce9aa0d470704d0479247d72ff2be:entry:right	Measured	0	4	0	0.155633	0	undeclared	4	0
corridor	4f3543b1218b82af65b5b8fc58457fb3	Measured	8	8	0.002935	0.003942	0	undeclared	1680	0
movement	4f47e1a8140c798681fef66fa633b3b5	NotMeasured	0	0	0	0	0	undeclared	0	0
seam	4f47e1a8140c798681fef66fa633b3b5:exit:left	NotMeasured	0	0	0	0	0	undeclared	0	0
seam	4f47e1a8140c798681fef66fa633b3b5:exit:right	NotMeasured	0	0	0	0	0	undeclared	0	0
movement	4f4973455028fea27294a19295e2e091	Measured	4	4	0.159408	0.160404	0.211509	undeclared	784	0
corridor	4f4e0f3e7e8b2b6b059a8a6edab2bc90	NotMeasured	0	0	0	0	0	undeclared	0	0
movement	4f4ed31105c77d3226455f19e94c5795	NotMeasured	0	0	0	0	0	undeclared	0	0
corridor	4f56ef8aae6bfffcbc337d463dd2fd9f	NotMeasured	0	0	0	0	0	undeclared	0	0
movement	4f7e560ced3c5a4bfbf14942df76f198	NotMeasured	0	0	0	0	0	undeclared	0	0
corridor	4f8c2539b5152e69c8fe4d64939f96b9	Measured	7	4	0.08705	0.088048	0	undeclared	847	0
corridor	4feeebdeeefd1a0f872a7e456b3a5287	NotMeasured	0	0	0	0	0	undeclared	0	0
